Channel Id,Channel Url,Channel Title
UC-2Y8dQb0S6DtpxNgAKoJKA,http://www.youtube.com/channel/UC-2Y8dQb0S6DtpxNgAKoJKA,PlayStation
UC-9QiiVaViuqMhLp1XEwdxA,http://www.youtube.com/channel/UC-9QiiVaViuqMhLp1XEwdxA,Arlo
UC-YzOyNh3lucFu_mfLyNwFg,http://www.youtube.com/channel/UC-YzOyNh3lucFu_mfLyNwFg,Nin10doland
UC-omXuxKA9yEygiG85yI4JQ,http://www.youtube.com/channel/UC-omXuxKA9yEygiG85yI4JQ,Steven He Shorts
UC-pNG-RbPL28CiK-JnBFEyw,http://www.youtube.com/channel/UC-pNG-RbPL28CiK-JnBFEyw,AyItsGreyJ
UC-pnSdXRsSi44apSO5RXjlw,http://www.youtube.com/channel/UC-pnSdXRsSi44apSO5RXjlw,Laugh Over Life
UC0AE_22J0kAo30yjasaeFqw,http://www.youtube.com/channel/UC0AE_22J0kAo30yjasaeFqw,Element Animation
UC0GLNhtTu7yI8rl6ZZGeezw,http://www.youtube.com/channel/UC0GLNhtTu7yI8rl6ZZGeezw,TheOdd2sOut
UC0KU8F9jJqSLS11LRXvFWmg,http://www.youtube.com/channel/UC0KU8F9jJqSLS11LRXvFWmg,Ubisoft
UC0dFM1iWAh8QqArhtIdSCcA,http://www.youtube.com/channel/UC0dFM1iWAh8QqArhtIdSCcA,HamaSamaKun
UC0fdDmoOESMp9zuMMmRSmZw,http://www.youtube.com/channel/UC0fdDmoOESMp9zuMMmRSmZw,Don Shnack
UC14fB9eWBu579yRWLUhbFdQ,http://www.youtube.com/channel/UC14fB9eWBu579yRWLUhbFdQ,SystemZee
UC19Tqf8QXE0--j8kFfcbKCg,http://www.youtube.com/channel/UC19Tqf8QXE0--j8kFfcbKCg,Grazzy
UC1sELGmy5jp5fQUugmuYlXQ,http://www.youtube.com/channel/UC1sELGmy5jp5fQUugmuYlXQ,Minecraft
UC274PEnFIQktbCbxDzzS-7Q,http://www.youtube.com/channel/UC274PEnFIQktbCbxDzzS-7Q,ShortPocketMonster
UC27yibXdpRSBtKRs_09CZ5Q,http://www.youtube.com/channel/UC27yibXdpRSBtKRs_09CZ5Q,gsmVoiD
UC2hm5rD_IrfYRMfq5YQudgA,http://www.youtube.com/channel/UC2hm5rD_IrfYRMfq5YQudgA,Haminations
UC3F-xSompU7BXr0bz8YqljA,http://www.youtube.com/channel/UC3F-xSompU7BXr0bz8YqljA,MorePainful
UC3ou2_G8GIrTEnXf81yN4dQ,http://www.youtube.com/channel/UC3ou2_G8GIrTEnXf81yN4dQ,instructor_bensei
UC3sznuotAs2ohg_U__Jzj_Q,http://www.youtube.com/channel/UC3sznuotAs2ohg_U__Jzj_Q,The Film Theorists
UC3wXNek0WLlrsirz2oz-UEQ,http://www.youtube.com/channel/UC3wXNek0WLlrsirz2oz-UEQ,Knarfy
UC4HY8WkC48ZZkHqJFaDeABg,http://www.youtube.com/channel/UC4HY8WkC48ZZkHqJFaDeABg,KnightPohtaytoe
UC4OyYvp1BSM5i5IZ0YIHEwg,http://www.youtube.com/channel/UC4OyYvp1BSM5i5IZ0YIHEwg,EvenMorePegasus
UC4Sozt-4bZC6jdeA3ZlnuGA,http://www.youtube.com/channel/UC4Sozt-4bZC6jdeA3ZlnuGA,DuckBricks
UC4UNqGYuB2q49GzGD_CBIVQ,http://www.youtube.com/channel/UC4UNqGYuB2q49GzGD_CBIVQ,TrixyBlox
UC4WRMZHYCvNRlaFe50px5Iw,http://www.youtube.com/channel/UC4WRMZHYCvNRlaFe50px5Iw,HMK
UC5Qk8mWBwtMyEj7iQQYRk1A,http://www.youtube.com/channel/UC5Qk8mWBwtMyEj7iQQYRk1A,Epic Games
UC5RpbFDGW-pgOaRMDUYpBFw,http://www.youtube.com/channel/UC5RpbFDGW-pgOaRMDUYpBFw,Alpharad LIVE
UC68zG933W7D9V9H9TLXBPZQ,http://www.youtube.com/channel/UC68zG933W7D9V9H9TLXBPZQ,Ryan HD
UC6KVHFHpCwujbw2TfKnQ3uQ,http://www.youtube.com/channel/UC6KVHFHpCwujbw2TfKnQ3uQ,Ice Cream SHORT
UC6OhL8TMM3t3R0d-_t_h_tA,http://www.youtube.com/channel/UC6OhL8TMM3t3R0d-_t_h_tA,Light of the World
UC6VcWc1rAoWdBCM0JxrRQ3A,http://www.youtube.com/channel/UC6VcWc1rAoWdBCM0JxrRQ3A,Rockstar Games
UC6Wl77tvLJCAZDlzq2CWJhg,http://www.youtube.com/channel/UC6Wl77tvLJCAZDlzq2CWJhg,Vivilly
UC7RRwDsXjtX5SS9n-kcmWaA,http://www.youtube.com/channel/UC7RRwDsXjtX5SS9n-kcmWaA,Yrrah
UC8CbFnDTYkiVweaz8y9wd_Q,http://www.youtube.com/channel/UC8CbFnDTYkiVweaz8y9wd_Q,Star Wars Theory
UC8Ou-n2uymgWzggSrlrRXzA,http://www.youtube.com/channel/UC8Ou-n2uymgWzggSrlrRXzA,Austin Sweatt
UC8wrbl5viYtQmRUgdFdf4ew,http://www.youtube.com/channel/UC8wrbl5viYtQmRUgdFdf4ew,Pokémon TV
UC9o13aexcHFSok7VYZ24EaQ,http://www.youtube.com/channel/UC9o13aexcHFSok7VYZ24EaQ,Ashnflash
UCA5SLTAVA6unn1M-6lbo1NA,http://www.youtube.com/channel/UCA5SLTAVA6unn1M-6lbo1NA,Square Enix
UCAL3JXZSzSm8AlZyD3nQdBA,http://www.youtube.com/channel/UCAL3JXZSzSm8AlZyD3nQdBA,Primitive Technology
UCBC9V-25cmvAzniaPZYMSrw,http://www.youtube.com/channel/UCBC9V-25cmvAzniaPZYMSrw,Captain Kidd
UCBODyKF0JMbUd6D9Bklyzbw,http://www.youtube.com/channel/UCBODyKF0JMbUd6D9Bklyzbw,Alpharad
UCBR8-60-B28hp2BmDPdntcQ,http://www.youtube.com/channel/UCBR8-60-B28hp2BmDPdntcQ,YouTube
UCC0aCrsMnk074Tg5JhDj8Qg,http://www.youtube.com/channel/UCC0aCrsMnk074Tg5JhDj8Qg,Chikn Nuggit
UCC5S64zDgcmMlNbEaquX9Ww,http://www.youtube.com/channel/UCC5S64zDgcmMlNbEaquX9Ww,LegendaryPokeman
UCCE5NVlm0FhbunMMBT48WAw,http://www.youtube.com/channel/UCCE5NVlm0FhbunMMBT48WAw,Fundy
UCCQi3X-PJGmd6DrPN9Rb6iw,http://www.youtube.com/channel/UCCQi3X-PJGmd6DrPN9Rb6iw,Garett
UCCWp4CCmI2JmIaoAuv0ocEA,http://www.youtube.com/channel/UCCWp4CCmI2JmIaoAuv0ocEA,Memenade
UCCuZ0r9pDMI8DwhtRV1fNhg,http://www.youtube.com/channel/UCCuZ0r9pDMI8DwhtRV1fNhg,Danno Cal Drawings
UCCz7vf5fxihSuHcXDm2odFw,http://www.youtube.com/channel/UCCz7vf5fxihSuHcXDm2odFw,Poster Conservation
UCD1Em4q90ZUK2R5HKesszJg,http://www.youtube.com/channel/UCD1Em4q90ZUK2R5HKesszJg,Clash of Clans
UCDBrVr0ttWpoRY-_yZajp2Q,http://www.youtube.com/channel/UCDBrVr0ttWpoRY-_yZajp2Q,alyankovic
UCDVQnSSve4nszxRCoUuTH3A,http://www.youtube.com/channel/UCDVQnSSve4nszxRCoUuTH3A,Bricks 'O' Brian
UCDzT6B7X086wXoSbxlQsuCw,http://www.youtube.com/channel/UCDzT6B7X086wXoSbxlQsuCw,More RageTrain
UCE5mQnNl8Q4H2qcv4ikaXeA,http://www.youtube.com/channel/UCE5mQnNl8Q4H2qcv4ikaXeA,Hulu
UCEHb6IYRK8AWeSc2cJM2CZg,http://www.youtube.com/channel/UCEHb6IYRK8AWeSc2cJM2CZg,Cheesey Studios
UCEc_FC1g5Gg-qWQdP2SHRrQ,http://www.youtube.com/channel/UCEc_FC1g5Gg-qWQdP2SHRrQ,The Fold
UCEhcgbb4VsRflaeHZS4rM-Q,http://www.youtube.com/channel/UCEhcgbb4VsRflaeHZS4rM-Q,swaggmasta
UCElGBUWDCa05jRzc2PfmGqQ,http://www.youtube.com/channel/UCElGBUWDCa05jRzc2PfmGqQ,Tom MacDonald
UCF9imwPMSGz4Vq1NiTWCC7g,http://www.youtube.com/channel/UCF9imwPMSGz4Vq1NiTWCC7g,Paramount Pictures
UCFAiFyGs6oDiF1Nf-rRJpZA,http://www.youtube.com/channel/UCFAiFyGs6oDiF1Nf-rRJpZA,Technoblade
UCFQMnBA3CS502aghlcr0_aw,http://www.youtube.com/channel/UCFQMnBA3CS502aghlcr0_aw,Coffeezilla
UCFYvl99CsNq3-d96pgSRIwg,http://www.youtube.com/channel/UCFYvl99CsNq3-d96pgSRIwg,DogPack404
UCFctpiB_Hnlk3ejWfHqSm6Q,http://www.youtube.com/channel/UCFctpiB_Hnlk3ejWfHqSm6Q,The Official Pokémon YouTube channel
UCFtEEv80fQVKkD4h1PF-Xqw,http://www.youtube.com/channel/UCFtEEv80fQVKkD4h1PF-Xqw,Microsoft
UCG9YpYTksEuE6k2_-N6cYZA,http://www.youtube.com/channel/UCG9YpYTksEuE6k2_-N6cYZA,Jordan Fringe Gaming
UCGIY_O-8vW4rfX98KlMkvRg,http://www.youtube.com/channel/UCGIY_O-8vW4rfX98KlMkvRg,Nintendo of America
UCGUNuEzeEabRWQ0GUH2KQZA,http://www.youtube.com/channel/UCGUNuEzeEabRWQ0GUH2KQZA,Bacon Guy
UCGW5zIEencf7p6IncKLFtuA,http://www.youtube.com/channel/UCGW5zIEencf7p6IncKLFtuA,Wunba
UCGl3kbSLHfKb3QeOYG7pAuA,http://www.youtube.com/channel/UCGl3kbSLHfKb3QeOYG7pAuA,Universal Orlando Resort
UCGwu0nbY2wSkW8N-cghnLpA,http://www.youtube.com/channel/UCGwu0nbY2wSkW8N-cghnLpA,JaidenAnimations
UCH-57FuYsBqqBpypdPvXLjg,http://www.youtube.com/channel/UCH-57FuYsBqqBpypdPvXLjg,MoreTrixyBlox
UCH6Xtt4GpcQXjOq0_PTDhAw,http://www.youtube.com/channel/UCH6Xtt4GpcQXjOq0_PTDhAw,Dan Povenmire
UCHYoe8kQ-7Gn9ASOlmI0k6Q,http://www.youtube.com/channel/UCHYoe8kQ-7Gn9ASOlmI0k6Q,The Food Theorists
UCHZ986wm_sJT6wntdDTIIcw,http://www.youtube.com/channel/UCHZ986wm_sJT6wntdDTIIcw,FitMC
UCHu2KNu6TtJ0p4hpSW7Yv7Q,http://www.youtube.com/channel/UCHu2KNu6TtJ0p4hpSW7Yv7Q,Jazza
UCHwkANWWNMsg5hvK_UmYzCg,http://www.youtube.com/channel/UCHwkANWWNMsg5hvK_UmYzCg,Alan Becker Clips
UCHwpDpLoyJgtFXoAaaSut4Q,http://www.youtube.com/channel/UCHwpDpLoyJgtFXoAaaSut4Q,Lionfield
UCIHg3K4EaY-ziWc5CyzWAzQ,http://www.youtube.com/channel/UCIHg3K4EaY-ziWc5CyzWAzQ,Universal Pictures All-Access
UCIHnKs0NTAWa7ojUgihQH8A,http://www.youtube.com/channel/UCIHnKs0NTAWa7ojUgihQH8A,SuperMetalDave64
UCILHNxSc8RjmggJcL4hUlDg,http://www.youtube.com/channel/UCILHNxSc8RjmggJcL4hUlDg,FlowchartKen
UCIY_SL2BHmdKkzT90oTekVg,http://www.youtube.com/channel/UCIY_SL2BHmdKkzT90oTekVg,TerminalMontage Clips
UCIrgJInjLS2BhlHOMDW7v0g,http://www.youtube.com/channel/UCIrgJInjLS2BhlHOMDW7v0g,Disney Plus
UCJKE87wqkVvbP2hUJcAKJNw,http://www.youtube.com/channel/UCJKE87wqkVvbP2hUJcAKJNw,Jordan Fringe
UCJ_VRvYw5qhts-nuyEpRu_Q,http://www.youtube.com/channel/UCJ_VRvYw5qhts-nuyEpRu_Q,Lunar Dragon Entertainment
UCJcjk44Wjpxf6yX5_XtCqAA,http://www.youtube.com/channel/UCJcjk44Wjpxf6yX5_XtCqAA,Electo
UCJswRv22oiUgmT1FuFeUekw,http://www.youtube.com/channel/UCJswRv22oiUgmT1FuFeUekw,I am MoBo
UCK70H_67YRgeA513ZHA2TIg,http://www.youtube.com/channel/UCK70H_67YRgeA513ZHA2TIg,JaDropping Science
UCKUAVy2Kd0vAsu1D89y7ujg,http://www.youtube.com/channel/UCKUAVy2Kd0vAsu1D89y7ujg,Ayy Lmao
UCKZo4N0lVPccBkSiuyVh4yg,http://www.youtube.com/channel/UCKZo4N0lVPccBkSiuyVh4yg,SuperCarlinBrothers
UCKbkMYrQBwFdoOc3Mrv5Vcg,http://www.youtube.com/channel/UCKbkMYrQBwFdoOc3Mrv5Vcg,Jegcopo
UCKmmERguliWTynG9OIoDhDw,http://www.youtube.com/channel/UCKmmERguliWTynG9OIoDhDw,Law By Mike
UCKzfXjZ9R74SURNjYhG5Log,http://www.youtube.com/channel/UCKzfXjZ9R74SURNjYhG5Log,TylerRegan
UCLFXk9J3O-hhOk0msOjKYdQ,http://www.youtube.com/channel/UCLFXk9J3O-hhOk0msOjKYdQ,TerminalMontage
UCLMVehWkOvFlGMeIetyFIxg,http://www.youtube.com/channel/UCLMVehWkOvFlGMeIetyFIxg,Helynt
UCMEMbA38r9CKCuukra2Mr3Q,http://www.youtube.com/channel/UCMEMbA38r9CKCuukra2Mr3Q,Sellsword Arts
UCMiJRAwDNSNzuYeN2uWa0pA,http://www.youtube.com/channel/UCMiJRAwDNSNzuYeN2uWa0pA,Mrwhosetheboss
UCMsgXPD3wzzt8RxHJmXH7hQ,http://www.youtube.com/channel/UCMsgXPD3wzzt8RxHJmXH7hQ,Cartoon Network
UCN-qGJtXJCiG0mMXR2fga6A,http://www.youtube.com/channel/UCN-qGJtXJCiG0mMXR2fga6A,Jaiden
UCNITBWEYFs_Hnf6Jaa9xXmg,http://www.youtube.com/channel/UCNITBWEYFs_Hnf6Jaa9xXmg,Meme Neon
UCNIuvl7V8zACPpTmmNIqP2A,http://www.youtube.com/channel/UCNIuvl7V8zACPpTmmNIqP2A,OverSimplified
UCNKlKmsQL9QdtC_XU_jhx_g,http://www.youtube.com/channel/UCNKlKmsQL9QdtC_XU_jhx_g,TheWisdomOfWords
UCNvgx7Na6dUil3FfMUEOTSQ,http://www.youtube.com/channel/UCNvgx7Na6dUil3FfMUEOTSQ,Hardware Maker
UCOAUz4d1NUNxSHh_SOJtdGQ,http://www.youtube.com/channel/UCOAUz4d1NUNxSHh_SOJtdGQ,GetMadz
UCOajpsI8t3Eg-u-s2j_c-cQ,http://www.youtube.com/channel/UCOajpsI8t3Eg-u-s2j_c-cQ,MovieFlame
UCOsATJw-IZgqGT8MFrHjKGg,http://www.youtube.com/channel/UCOsATJw-IZgqGT8MFrHjKGg,Ice Cream Sandwich
UCOxJdKibCTx3xe-66HDA8fg,http://www.youtube.com/channel/UCOxJdKibCTx3xe-66HDA8fg,Arlentric
UCP-Ng5SXUEt0VE-TXqRdL6g,http://www.youtube.com/channel/UCP-Ng5SXUEt0VE-TXqRdL6g,LEGO
UCP0_k4INXrwPS6HhIyYqsTg,http://www.youtube.com/channel/UCP0_k4INXrwPS6HhIyYqsTg,Steven He
UCP8AC-LXl5Jmp64IRIsdacg,http://www.youtube.com/channel/UCP8AC-LXl5Jmp64IRIsdacg,Spider-Man
UCP8lPMdnsqGTOHrMv8273WA,http://www.youtube.com/channel/UCP8lPMdnsqGTOHrMv8273WA,TheAvatarist
UCPDExPQ09Vc6_Gj_Ga6MwKw,http://www.youtube.com/channel/UCPDExPQ09Vc6_Gj_Ga6MwKw,Cartoon Universe
UCPHsA2eQaYq_GN_vvs-NsAw,http://www.youtube.com/channel/UCPHsA2eQaYq_GN_vvs-NsAw,MrCube6
UCPdZ6_ItE8v7RVYSXjtQYhw,http://www.youtube.com/channel/UCPdZ6_ItE8v7RVYSXjtQYhw,Tater the Bard
UCPn8cnHhLHMQrGCmS0K5aBQ,http://www.youtube.com/channel/UCPn8cnHhLHMQrGCmS0K5aBQ,The Dragon Prince
UCPxiWAMi2sM4TRpqmNvueNg,http://www.youtube.com/channel/UCPxiWAMi2sM4TRpqmNvueNg,minbitt
UCQ4AvkoyUTweQqMsMno24zA,http://www.youtube.com/channel/UCQ4AvkoyUTweQqMsMno24zA,GarrettTheCarrot
UCQ9HvHH-KRYHI5ynj2kbLwQ,http://www.youtube.com/channel/UCQ9HvHH-KRYHI5ynj2kbLwQ,TheAMaazing
UCQJWtTnAHhEG5w4uN0udnUQ,http://www.youtube.com/channel/UCQJWtTnAHhEG5w4uN0udnUQ,Prime Video
UCQM8a6dHLiZ3kAQcyWQaCSA,http://www.youtube.com/channel/UCQM8a6dHLiZ3kAQcyWQaCSA,Robert Schultz
UCQv6kiVjFbeCCUXciZWJAfg,http://www.youtube.com/channel/UCQv6kiVjFbeCCUXciZWJAfg,Void Darc
UCR-UUkOFdrC0JATVRJ3O2Cw,http://www.youtube.com/channel/UCR-UUkOFdrC0JATVRJ3O2Cw,Jónsi
UCRJBLIR5E1bfDmq3kAzRpeg,http://www.youtube.com/channel/UCRJBLIR5E1bfDmq3kAzRpeg,Mogswamp
UCRijo3ddMTht_IHyNSNXpNQ,http://www.youtube.com/channel/UCRijo3ddMTht_IHyNSNXpNQ,Dude Perfect
UCS8fdPNO8SmYO3GoUmEuOag,http://www.youtube.com/channel/UCS8fdPNO8SmYO3GoUmEuOag,ZacSpeaksGiant
UCSlyP9TyhaqjucGL5sdpQGg,http://www.youtube.com/channel/UCSlyP9TyhaqjucGL5sdpQGg,That's Amazing
UCT4oXolSaPqL5T5TXqmPQ2A,http://www.youtube.com/channel/UCT4oXolSaPqL5T5TXqmPQ2A,Forrestbono
UCT_QEGH0myu6lgbE_biQPuw,http://www.youtube.com/channel/UCT_QEGH0myu6lgbE_biQPuw,Drew Talbert
UCTiCPFd6qqBIWTN4xTVPsyw,http://www.youtube.com/channel/UCTiCPFd6qqBIWTN4xTVPsyw,TheBestCubeHD
UCUTIBXVyNGJIxNhkD1e0Qfw,http://www.youtube.com/channel/UCUTIBXVyNGJIxNhkD1e0Qfw,Quantum Crab
UCUi2SFPyyDNcsH2ZGpHyQIQ,http://www.youtube.com/channel/UCUi2SFPyyDNcsH2ZGpHyQIQ,magnify
UCUuUqWLLsUjheuYkP9AWxTA,http://www.youtube.com/channel/UCUuUqWLLsUjheuYkP9AWxTA,Scott Buckley
UCV--8wtuyGo3vMtIdeq4j3w,http://www.youtube.com/channel/UCV--8wtuyGo3vMtIdeq4j3w,Technothepig
UCV6g95OBbVtFmN9uiJzkFqQ,http://www.youtube.com/channel/UCV6g95OBbVtFmN9uiJzkFqQ,CircleToonsHD
UCV9yZMAU-IMQJI66Xn5FfWQ,http://www.youtube.com/channel/UCV9yZMAU-IMQJI66Xn5FfWQ,TannerFishies
UCVGOyzms_XJNk_DHqrffXCw,http://www.youtube.com/channel/UCVGOyzms_XJNk_DHqrffXCw,Windows
UCVJ2GFJzJgwyN7eWWWSpcHA,http://www.youtube.com/channel/UCVJ2GFJzJgwyN7eWWWSpcHA,Vailskibum
UCVTQuK2CaWaTgSsoNkn5AiQ,http://www.youtube.com/channel/UCVTQuK2CaWaTgSsoNkn5AiQ,HBO
UCVg2AVe6eTCTVoWQ9AwrIHg,http://www.youtube.com/channel/UCVg2AVe6eTCTVoWQ9AwrIHg,In Deep Geek
UCVjENL9S739HfE4Y3PvokcQ,http://www.youtube.com/channel/UCVjENL9S739HfE4Y3PvokcQ,Uncle Al Plus
UCVqoigIqNacy9xMnEDZzN_Q,http://www.youtube.com/channel/UCVqoigIqNacy9xMnEDZzN_Q,Harry Potter Theory
UCVrEHNmwOcTM85daIG6PSVg,http://www.youtube.com/channel/UCVrEHNmwOcTM85daIG6PSVg,Andy Jiang
UCW7h-1mymnJ96akzjrmiIgA,http://www.youtube.com/channel/UCW7h-1mymnJ96akzjrmiIgA,Capcom USA
UCWAKxzKNvdbbGGwBVkZR31Q,http://www.youtube.com/channel/UCWAKxzKNvdbbGGwBVkZR31Q,Chessed Gamon
UCWOA1ZGywLbqmigxE4Qlvuw,http://www.youtube.com/channel/UCWOA1ZGywLbqmigxE4Qlvuw,Netflix
UCWfXR0-F7MI-TbqikgEdJcQ,http://www.youtube.com/channel/UCWfXR0-F7MI-TbqikgEdJcQ,SEGA
UCWqaLMyus0Tjve-rGaPVbaw,http://www.youtube.com/channel/UCWqaLMyus0Tjve-rGaPVbaw,ElecTwo
UCWzLmNWhgeh3h1j-M-Isy0g,http://www.youtube.com/channel/UCWzLmNWhgeh3h1j-M-Isy0g,TheRussianBadger
UCX8Jlq8WLYOTLlDVlHUOHhA,http://www.youtube.com/channel/UCX8Jlq8WLYOTLlDVlHUOHhA,Don't Mind Joe 
UCXO2ZE-H4ZVjJDjTuQzv-Bw,http://www.youtube.com/channel/UCXO2ZE-H4ZVjJDjTuQzv-Bw,Supercell
UCX_kOlX9HLzihXlCkrZnmvA,http://www.youtube.com/channel/UCX_kOlX9HLzihXlCkrZnmvA,Massoyan Jewelers
UCXwSr00tKwa4AUA3Vr6jBpg,http://www.youtube.com/channel/UCXwSr00tKwa4AUA3Vr6jBpg,David O. Lundell
UCY1kMZp36IQSyNx_9h4mpCg,http://www.youtube.com/channel/UCY1kMZp36IQSyNx_9h4mpCg,Mark Rober
UCYLRZEuxWBa0tmOkCZQMbtg,http://www.youtube.com/channel/UCYLRZEuxWBa0tmOkCZQMbtg,Tai Rebuilds
UCYsltmLzINnQX2nZyiRRpoQ,http://www.youtube.com/channel/UCYsltmLzINnQX2nZyiRRpoQ,Toby Stubbs
UCZGYJFUizSax-yElQaFDp5Q,http://www.youtube.com/channel/UCZGYJFUizSax-yElQaFDp5Q,Star Wars
UCZSvcx5livf9FGEcibVLSHw,http://www.youtube.com/channel/UCZSvcx5livf9FGEcibVLSHw,A2Z
UCZXeRF4LiG4edJ72M1EKquw,http://www.youtube.com/channel/UCZXeRF4LiG4edJ72M1EKquw,ZachTheBold
UCZbWCodPFwH2QQn772QnUxQ,http://www.youtube.com/channel/UCZbWCodPFwH2QQn772QnUxQ,Fire Department Chronicles
UCZft8Ol-dMtguwam7bWItnw,http://www.youtube.com/channel/UCZft8Ol-dMtguwam7bWItnw,BrodyAnimates
UCZtahmVxUazzanXrOjNglsg,http://www.youtube.com/channel/UCZtahmVxUazzanXrOjNglsg,munchiweeb
UC_3rZIKC-FvhYwM76LGDp7Q,http://www.youtube.com/channel/UC_3rZIKC-FvhYwM76LGDp7Q,RageTrain
UC_5niPa-d35gg88HaS7RrIw,http://www.youtube.com/channel/UC_5niPa-d35gg88HaS7RrIw,Disney
UC_976xMxPgzIa290Hqtk-9g,http://www.youtube.com/channel/UC_976xMxPgzIa290Hqtk-9g,Walt Disney Animation Studios
UC_GQ4mac4oN3wl1UdbFuTEA,http://www.youtube.com/channel/UC_GQ4mac4oN3wl1UdbFuTEA,ibxtoycat
UC_IRYSp4auq7hKLvziWVH6w,http://www.youtube.com/channel/UC_IRYSp4auq7hKLvziWVH6w,Pixar
UC_ntXHv-XdKCD7CPynVvnQw,http://www.youtube.com/channel/UC_ntXHv-XdKCD7CPynVvnQw,Bandai Namco Entertainment America
UCaA9MrklxFwJD0IdQfKXVFg,http://www.youtube.com/channel/UCaA9MrklxFwJD0IdQfKXVFg,Mossy Jake
UCaE8wcoknscuxnmYzhP3TYg,http://www.youtube.com/channel/UCaE8wcoknscuxnmYzhP3TYg,GetMadz Lite
UCbKWv2x9t6u8yZoB3KcPtnw,http://www.youtube.com/channel/UCbKWv2x9t6u8yZoB3KcPtnw,Alan Becker
UCbbQalJ4OaC0oQ0AqRaOJ9g,http://www.youtube.com/channel/UCbbQalJ4OaC0oQ0AqRaOJ9g,Jay Foreman
UCchBatdUMZoMfJ3rIzgV84g,http://www.youtube.com/channel/UCchBatdUMZoMfJ3rIzgV84g,Viva La Dirt League
UCd4t3EEUy0LUOM4MTdjpNHA,http://www.youtube.com/channel/UCd4t3EEUy0LUOM4MTdjpNHA,The Style Theorists
UCdIt7cmllmxBK1-rQdu87Gg,http://www.youtube.com/channel/UCdIt7cmllmxBK1-rQdu87Gg,The Stupendous Wave
UCdghqkfbwVTexUetxD4leNA,http://www.youtube.com/channel/UCdghqkfbwVTexUetxD4leNA,hChatNation
UCdzWUj73tVt8kzQi8KSrLYg,http://www.youtube.com/channel/UCdzWUj73tVt8kzQi8KSrLYg,Vaseline Noodles
UCeEBqe56GnEy2e6CRZe8hWw,http://www.youtube.com/channel/UCeEBqe56GnEy2e6CRZe8hWw,Red Five
UCebCiZVmcaB8WDxcvIMVNlQ,http://www.youtube.com/channel/UCebCiZVmcaB8WDxcvIMVNlQ,Geek Music
UCfWNZIJkm268rLO_yeRlcww,http://www.youtube.com/channel/UCfWNZIJkm268rLO_yeRlcww,Business Basics
UCfsvdC4UyhOfgGc1oISg-3g,http://www.youtube.com/channel/UCfsvdC4UyhOfgGc1oISg-3g,Goombanna
UCftyIWbjCPJs4KSrFciMqkA,http://www.youtube.com/channel/UCftyIWbjCPJs4KSrFciMqkA,NintendoBlackCrisis
UCgGyN4DSZ6mrcw0ARHikzYw,http://www.youtube.com/channel/UCgGyN4DSZ6mrcw0ARHikzYw,ProfessorBiggy
UCghPFyXBc8ObPyoJ9ifeN0Q,http://www.youtube.com/channel/UCghPFyXBc8ObPyoJ9ifeN0Q,Goji Center
UCgwv23FVv3lqh567yagXfNg,http://www.youtube.com/channel/UCgwv23FVv3lqh567yagXfNg,DisneyMusicVEVO
UChFur_NwVSbUozOcF_F2kMg,http://www.youtube.com/channel/UChFur_NwVSbUozOcF_F2kMg,Mumbo Jumbo
UChPRO1CB_Hvd0TvKRU62iSQ,http://www.youtube.com/channel/UChPRO1CB_Hvd0TvKRU62iSQ,Harry Potter
UCiZKQvmrtQzecByWmMg7fnw,http://www.youtube.com/channel/UCiZKQvmrtQzecByWmMg7fnw,Master Builder Alec 
UCisy6taOAeLfyaCqcMQDfig,http://www.youtube.com/channel/UCisy6taOAeLfyaCqcMQDfig,Max Klymenko
UCj4zC1Hfj-uc90FUXzRamNw,http://www.youtube.com/channel/UCj4zC1Hfj-uc90FUXzRamNw,Phoenix SC
UCjBp_7RuDBUYbd1LegWEJ8g,http://www.youtube.com/channel/UCjBp_7RuDBUYbd1LegWEJ8g,Xbox
UCjmJDM5pRKbUlVIzDYYWb6g,http://www.youtube.com/channel/UCjmJDM5pRKbUlVIzDYYWb6g,Warner Bros.
UCjuKQCmKlCtrPL2wl1uIphQ,http://www.youtube.com/channel/UCjuKQCmKlCtrPL2wl1uIphQ,MorePegasus
UCjztW-DlDg05_YM6-oTJTPA,http://www.youtube.com/channel/UCjztW-DlDg05_YM6-oTJTPA,Jonny RaZeR
UCkapkfGuO2LnDpIp8f_p7gA,http://www.youtube.com/channel/UCkapkfGuO2LnDpIp8f_p7gA,Beyond the Brick
UCkmP59n7648ESU0PJsJMiRw,http://www.youtube.com/channel/UCkmP59n7648ESU0PJsJMiRw,RelaxAlax
UClHbjVXWB1rCNfB-MQDw-Nw,http://www.youtube.com/channel/UClHbjVXWB1rCNfB-MQDw-Nw,Korean Comic
UClUVQJQL-yGKYiceiJpNg2Q,http://www.youtube.com/channel/UClUVQJQL-yGKYiceiJpNg2Q,Randy Feltface
UCmXQs4aZSk4eL5MIimvwMVQ,http://www.youtube.com/channel/UCmXQs4aZSk4eL5MIimvwMVQ,Josiah Schneider
UCmbP8tvKwBWeK9pf5dT8Onw,http://www.youtube.com/channel/UCmbP8tvKwBWeK9pf5dT8Onw,Swrve
UCmo9ZEJ3ipgaZdkiRRYtLAg,http://www.youtube.com/channel/UCmo9ZEJ3ipgaZdkiRRYtLAg,Dude Perfect Plus
UCnLuLSV-Oi0ctqjxGgxFlmg,http://www.youtube.com/channel/UCnLuLSV-Oi0ctqjxGgxFlmg,Sony Pictures Animation
UCnQC_G5Xsjhp9fEJKuIcrSw,http://www.youtube.com/channel/UCnQC_G5Xsjhp9fEJKuIcrSw,Ben Shapiro
UCn_FAXem2-e3HQvmK-mOH4g,http://www.youtube.com/channel/UCn_FAXem2-e3HQvmK-mOH4g,GLITCH
UCncRhgNXj6-oROkXXUSYELw,http://www.youtube.com/channel/UCncRhgNXj6-oROkXXUSYELw,Nikhil Clayton
UCnfWi7eVPFm8xGWfBT1zjeQ,http://www.youtube.com/channel/UCnfWi7eVPFm8xGWfBT1zjeQ,cdotkom
UCnm7ieFPDv6pUov_Opgll9w,http://www.youtube.com/channel/UCnm7ieFPDv6pUov_Opgll9w,MonkeyDM
UCo8bcnLyZH8tBIH9V1mLgqQ,http://www.youtube.com/channel/UCo8bcnLyZH8tBIH9V1mLgqQ,TheOdd1sOut
UCo_IB5145EVNcf8hw1Kku7w,http://www.youtube.com/channel/UCo_IB5145EVNcf8hw1Kku7w,The Game Theorists
UCoyaxd5LQSuP4ChkxK0pnZQ,http://www.youtube.com/channel/UCoyaxd5LQSuP4ChkxK0pnZQ,EA SPORTS FC
UCp-XZhyQLcJ8X65eT1T3XyQ,http://www.youtube.com/channel/UCp-XZhyQLcJ8X65eT1T3XyQ,AntDude
UCpVm7bg6pXKo1Pr6k5kxG9A,http://www.youtube.com/channel/UCpVm7bg6pXKo1Pr6k5kxG9A,National Geographic
UCpgpXt5BhKxPfHXN-oxpeEQ,http://www.youtube.com/channel/UCpgpXt5BhKxPfHXN-oxpeEQ,scrawls
UCq0OueAsdxH6b8nyAspwViw,http://www.youtube.com/channel/UCq0OueAsdxH6b8nyAspwViw,Universal Pictures
UCq2aadSAXNuhHzaDDidqfFQ,http://www.youtube.com/channel/UCq2aadSAXNuhHzaDDidqfFQ,Stickman Anakin
UCq7OHvWO6Z3u-LztFdrcU-g,http://www.youtube.com/channel/UCq7OHvWO6Z3u-LztFdrcU-g,Illumination
UCqQkpiZwMDNUGEgHzR-EDPw,http://www.youtube.com/channel/UCqQkpiZwMDNUGEgHzR-EDPw,Lando Kalriz
UCqXXBpycrF0q8Q2NHIu5Y3A,http://www.youtube.com/channel/UCqXXBpycrF0q8Q2NHIu5Y3A,Activision
UCqvpFAiRcY96CjKwiGHgwpg,http://www.youtube.com/channel/UCqvpFAiRcY96CjKwiGHgwpg,Gooseworx
UCr4oWINCOyax0_-VS4FIGaQ,http://www.youtube.com/channel/UCr4oWINCOyax0_-VS4FIGaQ,Harry Potter Theory EXTRA
UCr69YQf6M8yeiYEeGjZ711Q,http://www.youtube.com/channel/UCr69YQf6M8yeiYEeGjZ711Q,Theatre of the Unaligned
UCrhCgfKbpW-mhJVGFYGov-Q,http://www.youtube.com/channel/UCrhCgfKbpW-mhJVGFYGov-Q,More Parz
UCrqDcwLssaU6YyzzQioxxdQ,http://www.youtube.com/channel/UCrqDcwLssaU6YyzzQioxxdQ,Sam Builds
UCs0AqQc_0sxwqJROHuJeEpg,http://www.youtube.com/channel/UCs0AqQc_0sxwqJROHuJeEpg,DazzReviews
UCs5gqfon8D-7oIvFm4D_8JA,http://www.youtube.com/channel/UCs5gqfon8D-7oIvFm4D_8JA,Ninjago Music
UCsNvSjDLEyP35oCnP55ifeg,http://www.youtube.com/channel/UCsNvSjDLEyP35oCnP55ifeg,The Marvelous Wave
UCshoKvlZGZ20rVgazZp5vnQ,http://www.youtube.com/channel/UCshoKvlZGZ20rVgazZp5vnQ,CaptainSparklez
UCsuKgiVb2KJ2sZdrrwoAqsA,http://www.youtube.com/channel/UCsuKgiVb2KJ2sZdrrwoAqsA,wattles
UCtfh3NUmwHcih6DY-TcdSYg,http://www.youtube.com/channel/UCtfh3NUmwHcih6DY-TcdSYg,Newsteevie
UCthUzKb0HRLx7TUFJ7kIzew,http://www.youtube.com/channel/UCthUzKb0HRLx7TUFJ7kIzew,The 2nd Dimension
UCtzLaMqhH56oxqL_baFDQEQ,http://www.youtube.com/channel/UCtzLaMqhH56oxqL_baFDQEQ,BendersMC
UCu3wT_8cBekXfMv70nkvUiA,http://www.youtube.com/channel/UCu3wT_8cBekXfMv70nkvUiA,Purple Thunder
UCuDz-AQO2KuXzjtxoycrnJg,http://www.youtube.com/channel/UCuDz-AQO2KuXzjtxoycrnJg,Steven He Live
UCuTNKMG8HCxb2kYbLXjXTTg,http://www.youtube.com/channel/UCuTNKMG8HCxb2kYbLXjXTTg,Jurassic World
UCudx6plmpbs5WtWvsvu-EdQ,http://www.youtube.com/channel/UCudx6plmpbs5WtWvsvu-EdQ,Zeltik
UCupWnlhB3PMW1w0CLfLCfug,http://www.youtube.com/channel/UCupWnlhB3PMW1w0CLfLCfug,Infamous Swoosh
UCv2rB0bzeWEGO5aZQAWHMWA,http://www.youtube.com/channel/UCv2rB0bzeWEGO5aZQAWHMWA,Frosty Forest Games
UCvC4D8onUfXzvjTOM-dBfEA,http://www.youtube.com/channel/UCvC4D8onUfXzvjTOM-dBfEA,Marvel Entertainment
UCvoVZ1oABDjO7RtV8LTp0bw,http://www.youtube.com/channel/UCvoVZ1oABDjO7RtV8LTp0bw,Myles
UCvsdQrg8SkOvS2WiVXA5S4A,http://www.youtube.com/channel/UCvsdQrg8SkOvS2WiVXA5S4A,Ph1LzA
UCvvVOIyaYu2l4jiH9L8_eRw,http://www.youtube.com/channel/UCvvVOIyaYu2l4jiH9L8_eRw,Dax
UCw7SNYrYei7F5ttQO3o-rpA,http://www.youtube.com/channel/UCw7SNYrYei7F5ttQO3o-rpA,Disney Channel Animation
UCwGTY5sOiTeN29iOXrfA92w,http://www.youtube.com/channel/UCwGTY5sOiTeN29iOXrfA92w,K-LOVE
UCxKMHcCUiuXlpwQTXNueiqA,http://www.youtube.com/channel/UCxKMHcCUiuXlpwQTXNueiqA,StephBlox
UCxc0c4cOfFmSUnzX9uY7Jww,http://www.youtube.com/channel/UCxc0c4cOfFmSUnzX9uY7Jww,Frank James
UCyoW_EfdNy0Z3FudNgeEqdA,http://www.youtube.com/channel/UCyoW_EfdNy0Z3FudNgeEqdA,RoyalPear
UCz97F7dMxBNOfGYu3rx8aCw,http://www.youtube.com/channel/UCz97F7dMxBNOfGYu3rx8aCw,Sony Pictures Entertainment
UCzYag131RdrnZhtAmUBxU1Q,http://www.youtube.com/channel/UCzYag131RdrnZhtAmUBxU1Q,Pegasus
UCzb-6smlTg5UPirLdsdQ_cQ,http://www.youtube.com/channel/UCzb-6smlTg5UPirLdsdQ_cQ,Foil Arms and Hog
UCzzrvFOtOicsWjawWE95DRg,http://www.youtube.com/channel/UCzzrvFOtOicsWjawWE95DRg,Knarfy Too

