Channel Id,Channel Url,Channel Title,Description
UC-YzOyNh3lucFu_mfLyNwFg,https://www.youtube.com/channel/UC-YzOyNh3lucFu_mfLyNwFg,Nin10doland,"Welcome to the Land, Nin10doland! Subscribe for Nintendo news, theories, and well..... everything!"
UCVJ2GFJzJgwyN7eWWWSpcHA,https://www.youtube.com/channel/UCVJ2GFJzJgwyN7eWWWSpcHA,Vailskibum,"Let's talk toons, games and movies.

Welcome to Vailskibum! Here, you'll find short and sweet videos"
UCn_FAXem2-e3HQvmK-mOH4g,https://www.youtube.com/channel/UCn_FAXem2-e3HQvmK-mOH4g,GLITCH,"Here you'll find fun, colourful animated shows with occasional violence and existential breakdowns :"
UC6Wl77tvLJCAZDlzq2CWJhg,https://www.youtube.com/channel/UC6Wl77tvLJCAZDlzq2CWJhg,Vivilly,"minecraft stuff


contact: vivillycontact@gmail.com"
UCGIY_O-8vW4rfX98KlMkvRg,https://www.youtube.com/channel/UCGIY_O-8vW4rfX98KlMkvRg,Nintendo of America,"Welcome to the official Nintendo of AmericaÂ YouTube channel, where you'll find all the latest videos"
UCuDz-AQO2KuXzjtxoycrnJg,https://www.youtube.com/channel/UCuDz-AQO2KuXzjtxoycrnJg,Steven He Live,Welcome to Steven He Live. It's just me on this channel. As myself while my dad carries my main chan
UCsuKgiVb2KJ2sZdrrwoAqsA,https://www.youtube.com/channel/UCsuKgiVb2KJ2sZdrrwoAqsA,wattles,"your one stop shop for everything minecraft

from minecraft tutorials to minecraft survival to minec"
UCKmmERguliWTynG9OIoDhDw,https://www.youtube.com/channel/UCKmmERguliWTynG9OIoDhDw,Law By Mike,"Educating YOU About Your Most Important Legal Rights.  

Ever wonder what the law says about the eve"
UCr69YQf6M8yeiYEeGjZ711Q,https://www.youtube.com/channel/UCr69YQf6M8yeiYEeGjZ711Q,Theatre of the Unaligned,"Creators of many parodies and sketches, Journey to the Quest (previously known as DnD Abridged), and"
UCjuKQCmKlCtrPL2wl1uIphQ,https://www.youtube.com/channel/UCjuKQCmKlCtrPL2wl1uIphQ,MorePegasus,MORE YAPPING
UCCuZ0r9pDMI8DwhtRV1fNhg,https://www.youtube.com/channel/UCCuZ0r9pDMI8DwhtRV1fNhg,Danno Cal Drawings,Right now I upload a short nearly every day and stream most saturdays - Check out my other couple ch
UCyoW_EfdNy0Z3FudNgeEqdA,https://www.youtube.com/channel/UCyoW_EfdNy0Z3FudNgeEqdA,RoyalPear,"use code pear in the fortnite item shop

business inquiries â–º royalpear@clickmgmt.com.au
#epicpartne"
UCs5gqfon8D-7oIvFm4D_8JA,https://www.youtube.com/channel/UCs5gqfon8D-7oIvFm4D_8JA,Ninjago Music,"This is the official Ninjago Music YouTube channel

For more than ten years, LA based film Composers"
UCPdZ6_ItE8v7RVYSXjtQYhw,https://www.youtube.com/channel/UCPdZ6_ItE8v7RVYSXjtQYhw,Tater the Bard,Doing this instead of prepping for my next DnD session.
UC3sznuotAs2ohg_U__Jzj_Q,https://www.youtube.com/channel/UC3sznuotAs2ohg_U__Jzj_Q,The Film Theorists,Hello Internet! Welcome to FILM THEORY! If you want to learn the secrets of your favorite movies and
UCPDExPQ09Vc6_Gj_Ga6MwKw,https://www.youtube.com/channel/UCPDExPQ09Vc6_Gj_Ga6MwKw,Cartoon Universe,"Welcome to Cartoon Universe, a channel dedicated to theories on Hazbin Hotel, Helluva Boss, Dragon P"
UCmXQs4aZSk4eL5MIimvwMVQ,https://www.youtube.com/channel/UCmXQs4aZSk4eL5MIimvwMVQ,Josiah Schneider,"Actor/Creator/NYC
New Videos Every Week! ðŸŽ¬
ðŸ‘‡Join our community discord server!ðŸ‘‡
Josiah@ViralNationTa"
UCfsvdC4UyhOfgGc1oISg-3g,https://www.youtube.com/channel/UCfsvdC4UyhOfgGc1oISg-3g,Goombanna,"Asking both profoundly ridiculous and ridiculously profound questions about gaming with theories, an"
UCo8bcnLyZH8tBIH9V1mLgqQ,https://www.youtube.com/channel/UCo8bcnLyZH8tBIH9V1mLgqQ,TheOdd1sOut,"What I use:
I have a Wacom Cintiq Pro 24

a Smudge Guard Glove. 
https://amzn.to/2zvvUzj

I record o"
UCs0AqQc_0sxwqJROHuJeEpg,https://www.youtube.com/channel/UCs0AqQc_0sxwqJROHuJeEpg,DazzReviews,Welcome! I'm DazzReviews! Join me for some analytical coverage of movies of all kinds! Be it reviews
UCIY_SL2BHmdKkzT90oTekVg,https://www.youtube.com/channel/UCIY_SL2BHmdKkzT90oTekVg,TerminalMontage Clips,The Official TerminalMontage Clip channel!
UCBC9V-25cmvAzniaPZYMSrw,https://www.youtube.com/channel/UCBC9V-25cmvAzniaPZYMSrw,Captain Kidd,Subscribe for the best nuzlocke content on YouTube
UCPn8cnHhLHMQrGCmS0K5aBQ,https://www.youtube.com/channel/UCPn8cnHhLHMQrGCmS0K5aBQ,The Dragon Prince,EmmyÂ® Award-winning fantasy series set in the magical world of Xadia.  Following an extraordinary di
UCP8lPMdnsqGTOHrMv8273WA,https://www.youtube.com/channel/UCP8lPMdnsqGTOHrMv8273WA,TheAvatarist,"Avatar: The Last Airbender & Avatar expanded universe content




general inquires:
theavataristbusi"
UCudx6plmpbs5WtWvsvu-EdQ,https://www.youtube.com/channel/UCudx6plmpbs5WtWvsvu-EdQ,Zeltik,"Legend of Zelda YouTuber.
-
https://bsky.app/profile/zeltik.co.uk
http://tiktok.com/@realzeltik

Int"
UCC0aCrsMnk074Tg5JhDj8Qg,https://www.youtube.com/channel/UCC0aCrsMnk074Tg5JhDj8Qg,Chikn Nuggit,A short-form animated series by Kyra Kupetsky about an adorable group of animal pals named after fas
UC2hm5rD_IrfYRMfq5YQudgA,https://www.youtube.com/channel/UC2hm5rD_IrfYRMfq5YQudgA,Haminations,College dropout who tells silly little stories about his silly little life on his silly little YouTu
UC7L0YdEy-Y12TutglcHb11w,https://www.youtube.com/channel/UC7L0YdEy-Y12TutglcHb11w,Pheonix SC,"You misspelled it, didnt you?"
UCV9yZMAU-IMQJI66Xn5FfWQ,https://www.youtube.com/channel/UCV9yZMAU-IMQJI66Xn5FfWQ,TannerFishies,"Hey guys! Tanner here, and I make Ninjago videos for people on the Internet! Hope you can find somet"
